smk_preg_2_denom_2012_14, brstfed_3_mon_1_count_2014_15, brstfed_6_mon_1_count_2014_15, ste_name, brstfed_6_mon_2_denom_2014_15, brstfed_3_mon_2_denom_2014_15, solids_4_mon_3_percent_2014_15, smk_preg_3_percent_2012_14, solids_4_mon_1_count_2014_15, solids_4_mon_2_denom_2014_15, smk_preg_1_count_2012_14, solids_4_mon_4_rrmse_2014_15, brstfed_3_mon_4_rrmse_2014_15, lga_code, lga_name, brstfed_6_mon_3_percent_2014_15, low_bweigt_1_count_2012_14, brstfed_3_mon_3_percent_2014_15, low_bweigt_2_denom_2012_14, brstfed_6_mon_4_rrmse_2014_15, low_bweigt_3_percent_2012_14
null,758,248,"nsw",1005,1137,9.1,null,232,2548,null,3,3,10050,"Albury (C)",24.7,null,66.7,null,3,null
896,284,62,"nsw",431,487,9.2,19.7,106,1148,176,1,3,10110,"Armidale Dumaresq (A)",14.4,72,58.4,879,3,8.2
1717,749,274,"nsw",948,1072,7.9,3.1,188,2364,52,3,3,10150,"Ashfield (A)",28.9,102,69.9,1725,3,5.9
5257,1964,765,"nsw",2606,2947,8.0,3.8,511,6422,198,3,3,10200,"Auburn (C)",29.4,227,66.7,5120,3,4.4
1010,402,164,"nsw",588,665,8.9,11.9,140,1572,120,3,3,10250,"Ballina (A)",27.9,49,60.5,1008,3,4.9
null,30,14,"nsw",47,53,9.2,null,10,109,null,2,2,10300,"Balranald (A)",29.2,null,56.8,null,1,null
9127,3839,1392,"nsw",5135,5807,8.5,7.9,1112,13108,720,3,3,10350,"Bankstown (C)",27.1,449,66.1,9044,3,5.0
1577,565,152,"nsw",769,869,9.1,19.7,181,1986,311,3,3,10470,"Bathurst Regional (A)",19.8,60,65.0,1509,3,4.0
765,305,71,"nsw",420,475,9.2,19.5,105,1142,149,3,3,10550,"Bega Valley (A)",16.9,22,64.3,747,3,2.9
372,123,46,"nsw",201,228,9.4,15.9,54,570,59,1,1,10600,"Bellingen (A)",23.0,21,54.1,369,3,5.7
49,99,23,"nsw",130,147,8.7,19.6,30,340,10,1,1,10650,"Berrigan (A)",17.9,null,67.5,null,1,null
16687,6778,1884,"nsw",8896,10060,9.0,12.4,2065,22980,2063,3,3,10750,"Blacktown (C)",21.2,1014,67.4,16533,3,6.1
208,71,30,"nsw",96,109,8.5,18.8,23,266,39,1,1,10800,"Bland (A)",30.8,null,65.0,null,1,null
298,95,19,"nsw",139,157,8.6,17.1,32,371,51,1,3,10850,"Blayney (A)",13.6,12,60.2,294,1,4.1
2430,978,255,"nsw",1280,1448,8.2,8.9,298,3614,216,3,3,10900,"Blue Mountains (C)",19.9,116,67.6,2300,3,5.1
125,46,24,"nsw",69,78,9.2,25.8,16,177,32,2,1,10950,"Bogan (A)",34.4,7,58.8,107,1,6.8
65,33,19,"nsw",45,51,8.4,20.0,9,107,13,1,3,11000,"Bombala (A)",41.9,null,64.3,null,3,null
49,31,8,"nsw",44,50,9.2,19.4,11,116,9,2,2,11050,"Boorowa (A)",18.8,null,63.3,null,2,null
2022,792,302,"nsw",1051,1188,8.2,4.6,222,2693,94,3,3,11100,"Botany Bay (C)",28.7,129,66.6,2036,3,6.3
162,null,null,"nsw",null,null,null,37.2,null,null,60,null,null,11150,"Bourke (A)",null,11,null,137,null,7.8
94,null,null,"nsw",null,null,null,37.1,null,null,35,null,null,11200,"Brewarrina (A)",null,6,null,80,null,7.4
635,196,84,"nsw",307,347,10.5,34.3,86,822,218,1,1,11250,"Broken Hill (C)",27.3,28,56.4,627,3,4.5
1240,546,214,"nsw",696,788,8.0,2.6,142,1784,32,3,3,11300,"Burwood (A)",30.7,56,69.3,1242,3,4.5
856,333,133,"nsw",492,556,8.8,7.3,112,1278,62,3,3,11350,"Byron (A)",27.0,30,59.9,788,3,3.8
466,227,70,"nsw",305,345,8.5,14.7,70,816,68,1,1,11400,"Cabonne (A)",22.8,18,65.7,446,3,4.1
2955,1488,374,"nsw",1823,2062,8.2,6.0,390,4759,178,3,3,11450,"Camden (A)",20.5,117,72.2,2899,3,4.0
6981,2572,837,"nsw",3643,4120,9.6,15.3,896,9343,1068,3,3,11500,"Campbelltown (C)",23.0,318,62.4,6831,3,4.7
3773,1684,586,"nsw",2099,2373,7.6,1.3,391,5171,50,3,3,11520,"Canada Bay (A)",27.9,185,70.9,3791,3,4.9
6801,2800,1110,"nsw",3757,4249,8.1,4.3,779,9647,293,3,3,11550,"Canterbury (C)",29.6,378,65.9,6712,3,5.6
102,37,15,"nsw",51,57,8.3,15.6,11,135,16,2,1,11600,"Carrathool (A)",29.8,5,63.9,99,1,4.7
52,21,9,"nsw",33,37,10.5,65.7,9,89,34,2,2,11700,"Central Darling (A)",27.3,null,56.4,null,2,null
2267,746,260,"nsw",1144,1294,9.9,22.8,303,3074,517,3,3,11720,"Cessnock (C)",22.7,116,57.6,2151,3,5.4
1487,462,163,"nsw",714,808,10.0,20.2,189,1896,300,3,3,11730,"Clarence Valley (A)",22.8,82,57.2,1467,3,5.6
211,74,39,"nsw",112,126,9.2,22.7,27,288,48,1,1,11750,"Cobar (A)",34.4,11,58.8,197,1,5.6
2448,883,282,"nsw",1232,1394,9.6,14.5,321,3326,355,3,3,11800,"Coffs Harbour (C)",22.9,104,63.3,2391,3,4.4
null,22,7,"nsw",28,32,8.7,null,6,71,null,2,2,11860,"Conargo (A)",25.6,null,70.0,null,1,null
135,58,20,"nsw",76,86,8.8,16.6,17,198,22,2,1,12000,"Coolamon (A)",26.6,6,68.3,131,1,4.4
235,105,31,"nsw",155,175,8.7,25.4,37,425,60,1,3,12050,"Cooma-Monaro (A)",20.1,10,60.1,229,3,4.3
214,63,33,"nsw",95,108,9.2,36.5,23,246,78,1,1,12150,"Coonamble (A)",34.4,19,58.8,172,1,11.0
217,86,22,"nsw",124,141,9.3,21.8,31,338,47,1,1,12200,"Cootamundra (A)",17.6,5,61.2,184,1,2.7
null,136,32,"nsw",178,201,8.7,null,41,464,null,1,1,12300,"Corowa Shire (A)",17.9,null,67.5,null,3,null
434,128,37,"nsw",193,219,9.2,26.4,47,515,115,1,3,12350,"Cowra (A)",19.3,17,58.5,395,3,4.3
198,82,32,"nsw",133,150,9.5,23.7,31,328,47,1,3,12500,"Deniliquin (A)",24.1,null,54.6,null,3,null
1937,657,174,"nsw",919,1040,9.6,22.3,231,2408,432,3,3,12600,"Dubbo (C)",18.9,105,63.2,1594,3,6.6
258,112,24,"nsw",136,154,8.5,12.0,33,387,31,1,3,12700,"Dungog (A)",17.6,12,72.8,245,3,4.9
869,301,86,"nsw",442,500,9.8,25.7,124,1260,223,3,3,12750,"Eurobodalla (A)",19.4,35,60.3,843,3,4.1
7799,2869,991,"nsw",4064,4597,9.4,7.3,1021,10815,566,3,3,12850,"Fairfield (C)",24.4,365,62.4,7638,3,4.8
385,129,54,"nsw",190,214,9.3,23.1,47,507,89,1,1,12900,"Forbes (A)",28.7,10,60.0,340,3,3.0
151,42,14,"nsw",67,76,10.1,22.7,19,188,34,2,2,12950,"Gilgandra (A)",20.3,6,55.3,120,1,4.9
304,96,19,"nsw",135,153,10.0,26.0,35,354,79,1,1,13010,"Glen Innes Severn (A)",14.1,8,62.7,263,1,3.0
126,37,15,"nsw",61,69,9.5,19.8,17,175,25,1,1,13050,"Gloucester (A)",25.0,null,54.1,null,1,null
5649,2361,633,"nsw",3059,3459,8.6,11.4,701,8107,643,3,3,13100,"Gosford (C)",20.7,267,68.2,5613,3,4.7
850,343,95,"nsw",490,554,9.7,22.8,129,1324,194,1,3,13310,"Goulburn Mulwaree (A)",19.4,45,61.8,833,3,5.4
862,291,96,"nsw",433,490,10.0,22.3,118,1190,192,3,3,13320,"Great Lakes (A)",22.2,50,59.5,842,3,6.0
41,129,45,"nsw",171,194,8.8,20.1,39,444,8,1,1,13340,"Greater Hume Shire (A)",26.3,null,66.7,null,3,null
1556,475,150,"nsw",726,821,10.3,25.5,200,1942,397,3,3,13380,"Greater Taree (C)",20.6,89,57.9,1520,3,5.9
1157,403,122,"nsw",593,671,8.6,15.7,128,1492,182,3,3,13450,"Griffith (C)",20.5,58,60.1,1136,3,5.1
110,43,11,"nsw",62,70,9.3,22.4,16,169,25,2,2,13500,"Gundagai (A)",17.6,null,61.2,null,2,null
571,180,48,"nsw",257,291,9.7,23.4,68,707,134,1,3,13550,"Gunnedah (A)",18.8,24,62.0,524,3,4.7
132,50,12,"nsw",72,81,9.3,27.5,18,197,36,1,1,13650,"Guyra (A)",17.3,8,61.6,128,1,6.0
161,62,26,"nsw",93,105,8.4,19.4,21,248,31,1,1,13660,"Gwydir (A)",27.7,5,59.7,151,3,3.3
75,47,12,"nsw",66,74,9.3,19.7,16,173,15,2,1,13700,"Harden (A)",18.7,null,63.1,null,1,null
2492,931,253,"nsw",1286,1455,8.5,13.0,287,3390,323,3,3,13800,"Hawkesbury (C)",19.7,108,64.0,2468,3,4.4
75,39,18,"nsw",60,68,9.2,35.5,13,141,27,2,1,13850,"Hay (A)",29.2,6,56.8,73,1,8.1
6139,2774,864,"nsw",3390,3833,8.2,6.5,689,8355,399,3,3,13950,"Holroyd (C)",25.5,357,72.4,6118,3,5.8
5496,2599,746,"nsw",3147,3559,7.5,2.0,630,8380,110,3,3,14000,"Hornsby (A)",23.7,243,73.0,5490,3,4.4
410,193,84,"nsw",249,282,7.5,1.6,53,704,7,1,3,14100,"Hunters Hill (A)",33.6,18,68.7,415,3,4.4
3502,1455,475,"nsw",1823,2062,8.2,4.3,388,4720,151,3,3,14150,"Hurstville (C)",26.1,169,70.6,3476,3,4.9
671,188,68,"nsw",298,337,10.5,26.5,88,837,178,1,3,14200,"Inverell (A)",22.9,44,55.6,661,3,6.6
null,19,5,"nsw",25,28,8.6,null,6,66,null,2,2,14250,"Jerilderie (A)",20.3,null,66.7,null,2,null
185,69,18,"nsw",100,113,9.3,22.9,25,271,42,2,1,14300,"Junee (A)",17.7,8,61.3,182,1,4.4
1019,308,59,"nsw",451,510,11.4,31.3,140,1229,319,3,3,14350,"Kempsey (A)",13.1,46,60.4,887,3,5.2
542,263,81,"nsw",343,388,8.2,6.7,76,931,36,1,3,14400,"Kiama (A)",23.7,30,67.6,545,3,5.5
2479,953,361,"nsw",1201,1358,7.9,3.4,245,3089,84,3,3,14450,"Kogarah (C)",30.0,141,70.2,2488,3,5.7
2845,1369,549,"nsw",1744,1972,7.4,0.7,361,4907,19,3,3,14500,"Ku-ring-gai (A)",31.5,132,69.4,2845,3,4.6
283,95,25,"nsw",131,148,9.6,20.5,37,387,58,1,1,14550,"Kyogle (A)",19.1,16,63.8,275,1,5.8
316,91,38,"nsw",134,151,9.3,25.8,33,358,82,1,1,14600,"Lachlan (A)",28.7,9,59.9,285,3,3.3
7040,2686,848,"nsw",3640,4117,9.0,12.7,864,9607,895,3,3,14650,"Lake Macquarie (C)",23.3,441,65.2,7067,3,6.2
1284,649,272,"nsw",795,899,7.5,1.2,153,2047,15,1,3,14700,"Lane Cove (A)",34.1,72,72.2,1288,3,5.6
411,139,40,"nsw",212,240,9.9,19.0,54,546,78,1,1,14750,"Leeton (A)",19.1,17,57.9,346,3,4.9
2906,1098,511,"nsw",1546,1748,7.6,1.9,282,3730,54,3,3,14800,"Leichhardt (A)",33.1,156,62.8,2929,3,5.3
1439,485,189,"nsw",729,825,9.5,17.7,185,1947,254,3,3,14850,"Lismore (C)",25.9,76,58.8,1432,3,5.3
699,219,53,"nsw",328,371,9.8,25.9,85,867,181,3,3,14870,"Lithgow (C)",16.1,41,58.9,665,3,6.2
9444,3831,1044,"nsw",5100,5768,8.8,8.6,1165,13185,809,3,3,14900,"Liverpool (C)",20.5,627,66.4,9436,3,6.6
261,68,25,"nsw",123,139,9.5,21.1,30,316,55,1,1,14920,"Liverpool Plains (A)",20.4,16,49.0,253,1,6.3
96,44,16,"nsw",56,63,8.7,15.6,13,146,15,2,1,14950,"Lockhart (A)",27.9,null,69.4,null,1,null
3201,1293,372,"nsw",1647,1862,8.7,14.5,373,4297,465,3,3,15050,"Maitland (C)",22.6,148,69.4,2967,3,5.0
1945,781,352,"nsw",1047,1184,7.4,0.9,198,2668,18,1,3,15150,"Manly (A)",33.6,66,66.0,1937,3,3.4
3345,1300,447,"nsw",1735,1962,7.8,4.3,333,4256,144,3,3,15200,"Marrickville (A)",25.8,182,66.3,3357,3,5.4
937,344,83,"nsw",491,555,9.1,20.5,116,1271,192,3,3,15270,"Mid-Western Regional (A)",17.0,32,62.0,882,3,3.6
627,212,70,"nsw",308,348,9.9,29.4,81,816,184,3,3,15300,"Moree Plains (A)",22.9,23,60.9,577,3,3.9
985,370,195,"nsw",536,606,7.5,0.7,101,1341,7,1,3,15350,"Mosman (A)",36.4,36,61.0,991,3,3.6
null,101,33,"nsw",127,144,8.7,null,28,323,null,1,3,15500,"Murray (A)",25.6,null,70.0,null,3,null
89,32,13,"nsw",44,50,8.3,15.4,10,118,14,2,1,15550,"Murrumbidgee (A)",29.8,null,64.0,null,1,null
797,254,83,"nsw",373,422,8.9,20.8,85,951,166,3,3,15650,"Muswellbrook (A)",22.3,30,60.2,667,3,4.5
572,191,43,"nsw",270,306,10.4,23.1,76,728,132,1,3,15700,"Nambucca (A)",15.9,18,62.4,412,3,4.4
584,215,85,"nsw",302,342,8.9,28.1,68,758,164,1,3,15750,"Narrabri (A)",28.1,28,63.1,538,3,5.1
214,73,20,"nsw",113,128,10.0,27.8,29,290,59,1,1,15800,"Narrandera (A)",18.0,9,57.3,196,1,4.4
308,63,20,"nsw",101,114,10.1,27.6,29,284,85,1,1,15850,"Narromine (A)",20.3,17,55.3,259,1,6.5
6069,2293,770,"nsw",2993,3384,8.6,11.5,666,7728,699,3,3,15900,"Newcastle (C)",25.7,364,67.7,6081,3,6.0
3066,1255,605,"nsw",1633,1847,7.6,1.2,271,3583,37,3,3,15950,"North Sydney (A)",37.1,153,67.9,3074,3,5.0
164,71,15,"nsw",97,110,8.9,23.1,21,236,38,1,3,16100,"Oberon (A)",15.5,7,65.1,161,1,4.4
1980,659,230,"nsw",913,1033,9.0,19.3,216,2390,382,3,3,16150,"Orange (C)",25.1,109,63.8,1944,3,5.6
188,214,59,"nsw",293,332,8.0,13.8,63,782,26,1,3,16180,"Palerang (A)",20.3,null,64.5,178,3,null
628,211,80,"nsw",288,326,9.3,23.5,72,780,148,1,3,16200,"Parkes (A)",27.6,29,64.5,545,3,5.4
9676,4035,1220,"nsw",5088,5755,8.0,5.5,1025,12773,536,3,3,16250,"Parramatta (C)",24.0,506,70.1,9657,3,5.2
8725,3473,851,"nsw",4690,5305,9.1,14.4,1101,12114,1253,3,3,16350,"Penrith (C)",18.1,546,65.5,8694,3,6.3
1950,868,320,"nsw",1053,1191,8.0,2.8,239,3001,54,3,3,16370,"Pittwater (A)",30.4,74,72.9,1946,3,3.8
2215,748,239,"nsw",1066,1205,9.2,14.6,273,2969,324,3,3,16380,"Port Macquarie-Hastings (A)",22.4,109,62.0,2199,3,5.0
2288,803,188,"nsw",1141,1290,9.2,16.3,286,3115,373,3,3,16400,"Port Stephens (A)",16.5,156,62.3,2274,3,6.9
818,638,167,"nsw",865,979,8.5,16.9,178,2100,138,3,3,16470,"Queanbeyan (C)",19.3,13,65.2,792,3,1.6
5914,2102,904,"nsw",2889,3267,8.0,2.7,578,7266,157,3,3,16550,"Randwick (C)",31.3,332,64.3,6005,3,5.5
864,233,80,"nsw",380,430,10.2,26.4,112,1100,228,3,3,16610,"Richmond Valley (A)",21.1,60,54.2,856,3,7.0
4884,2057,746,"nsw",2660,3008,8.0,4.8,523,6567,234,3,3,16650,"Rockdale (C)",28.1,305,68.4,4867,3,6.3
4495,1953,643,"nsw",2401,2716,7.6,1.7,460,6060,75,3,3,16700,"Ryde (C)",26.8,243,71.9,4486,3,5.4
2535,913,295,"nsw",1295,1465,9.4,16.0,322,3433,405,3,3,16900,"Shellharbour (C)",22.8,151,62.3,2525,3,6.0
2979,1014,292,"nsw",1492,1687,9.6,17.7,387,4023,528,3,3,16950,"Shoalhaven (C)",19.6,120,60.1,2868,3,4.2
1033,374,118,"nsw",544,615,8.6,12.8,118,1385,133,3,3,17000,"Singleton (A)",21.7,28,60.8,824,3,3.4
184,68,25,"nsw",107,121,7.6,11.1,21,285,20,1,1,17050,"Snowy River (A)",23.6,null,56.5,null,3,null
2262,1044,378,"nsw",1440,1628,9.2,13.6,351,3799,307,3,3,17550,"Tweed (A)",26.3,73,64.1,1983,3,3.7
542,184,41,"nsw",249,281,8.6,16.1,60,699,87,1,3,17620,"Upper Hunter Shire (A)",16.5,16,65.4,430,3,3.7
122,74,18,"nsw",112,126,8.4,9.5,26,306,12,1,1,17640,"Upper Lachlan Shire (A)",16.3,null,58.8,null,1,null
157,67,20,"nsw",91,103,9.0,15.5,22,248,24,1,3,17650,"Uralla (A)",21.5,11,64.5,157,3,6.9
null,14,null,"nsw",null,22,9.0,null,5,50,null,null,2,17700,"Urana (A)",null,null,65.3,null,null,null
2493,945,250,"nsw",1289,1458,9.1,16.3,305,3340,407,3,3,17750,"Wagga Wagga (C)",19.4,137,64.8,2492,3,5.5
22,57,19,"nsw",74,83,8.8,20.3,16,185,5,1,1,17800,"Wakool (A)",26.2,null,68.1,22,1,null
104,34,7,"nsw",46,53,8.6,16.4,11,126,17,1,1,17850,"Walcha (A)",14.8,9,64.5,101,1,8.4
250,null,null,"nsw",null,null,null,37.5,null,null,94,null,null,17900,"Walgett (A)",null,12,null,226,null,5.4
121,42,21,"nsw",63,72,9.3,27.1,15,164,33,2,2,17950,"Warren (A)",33.8,7,58.6,103,1,7.1
6143,2597,943,"nsw",3385,3828,7.5,2.2,660,8764,137,3,3,18000,"Warringah (A)",27.9,253,67.8,6117,3,4.1
287,101,31,"nsw",157,178,9.9,26.6,43,436,76,1,1,18020,"Warrumbungle Shire (A)",19.6,18,56.9,256,1,7.1
3305,1181,563,"nsw",1632,1845,7.6,1.7,304,3998,57,3,3,18050,"Waverley (A)",34.5,157,64.0,3329,3,4.7
100,44,19,"nsw",60,68,8.5,18.2,14,166,18,2,1,18100,"Weddin (A)",30.8,null,64.9,null,1,null
354,97,29,"nsw",152,172,10.6,31.7,45,424,112,1,3,18150,"Wellington (A)",19.1,27,56.4,316,1,8.5
5,87,39,"nsw",135,153,9.2,null,29,316,null,1,1,18200,"Wentworth (A)",29.2,null,56.8,null,3,null
1565,686,253,"nsw",868,981,7.7,1.9,162,2095,30,3,3,17100,"Strathfield (A)",29.2,100,69.9,1560,3,6.4
8390,3731,1111,"nsw",4535,5129,7.8,3.4,920,11848,284,3,3,17150,"Sutherland Shire (A)",24.5,362,72.8,8331,3,4.3
6297,2242,930,"nsw",3175,3590,8.1,3.5,581,7203,219,3,3,17200,"Sydney (C)",29.3,367,62.4,6333,3,5.8
2422,800,213,"nsw",1156,1307,10.0,21.4,304,3042,518,3,3,17310,"Tamworth Regional (A)",18.4,124,61.2,2338,3,5.3
216,68,17,"nsw",98,111,9.3,22.4,25,266,48,2,1,17350,"Temora (A)",17.6,5,61.2,187,1,2.4
53,75,15,"nsw",106,120,10.0,35.8,28,279,19,1,1,17400,"Tenterfield (A)",14.1,7,62.7,53,1,13.2
6086,3006,820,"nsw",3588,4058,7.6,2.3,743,9774,140,3,3,17420,"The Hills Shire (A)",22.9,274,74.1,6079,3,4.5
78,37,14,"nsw",53,60,8.2,22.8,13,152,18,1,1,17450,"Tumbarumba (A)",26.6,null,61.6,null,1,null
350,131,46,"nsw",196,221,9.1,28.0,49,544,98,3,3,17500,"Tumut Shire (A)",23.3,11,59.4,323,3,3.4
2940,1294,548,"nsw",1592,1800,7.6,1.0,318,4165,28,3,3,18250,"Willoughby (C)",34.4,159,71.9,2954,3,5.4
1258,458,158,"nsw",669,756,8.7,10.4,159,1832,131,3,3,18350,"Wingecarribee (A)",23.6,39,60.5,1210,3,3.2
1706,732,200,"nsw",986,1115,8.4,11.3,220,2625,193,3,3,18400,"Wollondilly (A)",20.3,57,65.7,1655,3,3.4
7184,2828,808,"nsw",3669,4149,8.6,12.2,832,9649,880,3,3,18450,"Wollongong (C)",22.0,347,68.2,7143,3,4.9
2066,854,407,"nsw",1170,1323,7.6,0.9,216,2848,18,3,3,18500,"Woollahra (A)",34.8,98,64.5,2080,3,4.7
5834,2074,717,"nsw",3023,3419,9.6,16.5,785,8171,963,3,3,18550,"Wyong (A)",23.7,297,60.7,5753,3,5.2
61,223,61,"nsw",284,321,7.8,10.0,60,771,6,3,3,18710,"Yass Valley (A)",21.7,null,69.4,57,3,null
401,156,41,"nsw",222,251,9.4,24.0,55,589,96,1,3,18750,"Young (A)",18.4,13,62.3,379,1,3.4
23,null,null,"nsw",null,null,null,51.4,null,null,12,null,null,19399,"Unincorporated NSW",null,null,null,null,null,null
301,109,33,"vic",158,178,6.4,15.4,26,408,46,1,3,20110,"Alpine (S)",21.0,20,61.3,304,3,6.4
347,114,52,"vic",170,192,7.0,35.6,31,444,123,1,3,20260,"Ararat (RC)",30.6,15,59.4,348,3,4.3
3845,1514,458,"vic",2081,2354,7.0,42.0,382,5490,1614,3,3,20570,"Ballarat (C)",22.0,299,64.3,3881,3,7.7
4960,2037,544,"vic",2735,3093,6.2,4.7,392,6359,234,3,3,20660,"Banyule (C)",19.9,269,65.9,5003,3,5.4
991,358,111,"vic",529,598,6.6,22.8,95,1431,226,3,3,20740,"Bass Coast (S)",20.9,57,59.9,997,3,5.7
1641,643,244,"vic",922,1042,6.7,23.0,164,2456,377,3,3,20830,"Baw Baw (S)",26.5,91,61.7,1657,3,5.5
2855,1162,514,"vic",1761,1992,5.9,4.3,247,4216,124,3,3,20910,"Bayside (C)",29.2,170,58.3,2902,3,5.9
401,132,38,"vic",202,228,7.8,23.0,42,544,92,3,3,21010,"Benalla (RC)",18.6,34,57.8,406,3,8.3
4619,1816,831,"vic",2648,2994,5.8,4.4,367,6373,201,3,3,21110,"Boroondara (C)",31.4,271,60.6,4684,3,5.8
8521,3280,1160,"vic",4667,5278,6.9,10.5,734,10661,894,3,3,21180,"Brimbank (C)",24.9,617,62.1,8608,3,7.2
179,67,34,"vic",105,118,6.7,26.7,17,257,48,1,1,21270,"Buloke (S)",32.8,9,56.3,180,1,4.9
1328,427,110,"vic",670,758,7.3,27.7,128,1760,367,3,3,21370,"Campaspe (S)",16.5,79,56.3,1342,3,5.9
4209,1671,634,"vic",2538,2870,6.4,33.6,379,5898,1413,3,3,21450,"Cardinia (S)",25.0,257,58.2,4247,3,6.1
13068,5523,1724,"vic",7733,8746,6.4,25.7,1149,17819,3352,3,3,21610,"Casey (C)",22.3,845,63.2,13182,3,6.4
395,117,47,"vic",194,219,8.0,32.6,44,544,128,3,3,21670,"Central Goldfields (S)",24.0,29,53.5,401,3,7.2
737,250,75,"vic",350,396,6.6,21.0,62,942,155,3,3,21750,"Colac-Otway (S)",21.4,34,63.1,740,3,4.6
528,197,65,"vic",266,301,6.7,20.5,50,741,108,1,3,21830,"Corangamite (S)",24.6,39,65.7,533,3,7.4
6413,2321,740,"vic",3399,3845,6.2,6.4,472,7611,411,3,3,21890,"Darebin (C)",21.8,417,60.4,6482,3,6.4
1342,476,139,"vic",694,785,7.0,22.2,131,1861,297,3,3,22110,"East Gippsland (S)",20.0,118,60.6,1363,3,8.6
5717,2166,672,"vic",3071,3473,6.7,21.9,479,7125,1253,3,3,22170,"Frankston (C)",21.9,371,62.4,5778,3,6.4
290,108,56,"vic",170,192,6.7,26.7,28,417,77,1,1,22250,"Gannawarra (S)",32.8,14,56.3,293,3,4.9
4191,1590,516,"vic",2265,2562,7.1,39.8,422,5964,1669,3,3,22620,"Greater Bendigo (C)",22.8,284,62.1,4240,3,6.7
7029,2684,832,"vic",3856,4361,6.6,11.4,565,8565,799,3,3,22670,"Greater Dandenong (C)",21.6,490,61.6,7060,3,6.9
8374,3334,1087,"vic",4536,5130,6.7,35.9,788,11828,3006,3,3,22750,"Greater Geelong (C)",24.0,509,65.0,8442,3,6.0
2705,984,250,"vic",1397,1580,7.1,23.6,258,3623,639,3,3,22830,"Greater Shepparton (C)",17.9,156,62.3,2745,3,5.7
427,157,56,"vic",225,254,6.7,31.2,44,650,133,3,3,22910,"Hepburn (S)",24.9,35,61.9,429,3,8.2
139,50,31,"vic",75,85,6.6,22.2,14,206,31,1,1,22980,"Hindmarsh (S)",41.2,8,59.2,140,1,5.8
3895,1615,526,"vic",2279,2577,6.3,8.7,327,5175,340,3,3,23110,"Hobsons Bay (C)",23.1,203,62.7,3934,3,5.2
750,296,115,"vic",404,456,6.7,22.6,71,1056,170,3,3,23190,"Horsham (RC)",28.5,40,64.8,759,3,5.3
8613,3615,1363,"vic",5233,5918,6.5,13.4,783,11963,1150,3,3,23270,"Hume (C)",26.0,625,61.1,8724,3,7.2
430,160,51,"vic",217,245,6.5,8.6,42,645,37,3,3,23350,"Indigo (S)",23.5,32,65.4,438,3,7.3
5741,2371,632,"vic",3143,3555,6.0,6.8,439,7346,392,3,3,23430,"Kingston (C)",20.1,343,66.7,5830,3,5.9
5521,2414,626,"vic",3045,3444,6.2,11.0,439,7080,606,3,3,23670,"Knox (C)",20.6,344,70.1,5573,3,6.2
2889,1007,319,"vic",1470,1662,7.7,27.0,299,3893,781,3,3,23810,"Latrobe (C)",21.7,209,60.6,2913,3,7.2
235,70,39,"vic",108,123,6.8,41.3,20,298,97,1,3,23940,"Loddon (S)",35.9,10,57.2,236,3,4.2
1416,581,187,"vic",845,955,6.2,12.0,132,2139,170,3,3,24130,"Macedon Ranges (S)",22.1,73,60.8,1433,3,5.1
3189,1381,484,"vic",1833,2073,5.9,4.0,253,4289,128,3,3,24210,"Manningham (C)",26.4,195,66.6,3235,3,6.0
240,105,28,"vic",146,165,6.6,13.3,25,381,32,1,3,24250,"Mansfield (S)",19.3,9,63.5,242,3,3.6
4271,1597,463,"vic",2241,2535,6.3,8.4,316,5039,360,3,3,24330,"Maribyrnong (C)",20.7,293,63.0,4321,3,6.8
4411,1944,450,"vic",2517,2847,6.1,8.1,355,5787,356,3,3,24410,"Maroondah (C)",17.9,278,68.3,4462,3,6.2
3579,1147,477,"vic",1654,1871,6.1,7.3,205,3349,262,3,3,24600,"Melbourne (C)",28.8,257,61.3,3625,3,7.1
6210,2713,764,"vic",3750,4241,6.7,15.5,590,8791,964,3,3,24650,"Melton (S)",20.4,424,64.0,6275,3,6.8
2117,707,221,"vic",1079,1221,7.3,25.0,207,2849,530,3,3,24780,"Mildura (RC)",20.5,140,57.9,2133,3,6.6
1390,556,157,"vic",805,911,6.7,15.5,137,2039,215,3,3,24850,"Mitchell (S)",19.5,102,61.0,1407,3,7.2
1033,352,104,"vic",526,595,6.9,22.3,101,1461,230,3,3,24900,"Moira (S)",19.8,62,59.2,1048,3,5.9
5708,2511,769,"vic",3255,3681,6.0,5.7,456,7570,324,3,3,24970,"Monash (C)",23.6,366,68.2,5753,3,6.4
4237,1691,528,"vic",2310,2613,6.3,9.6,342,5413,407,3,3,25060,"Moonee Valley (C)",22.9,251,64.7,4304,3,5.8
1159,485,155,"vic",667,755,6.5,23.7,112,1713,275,3,3,25150,"Moorabool (S)",23.3,80,64.3,1181,3,6.8
7445,2744,924,"vic",3886,4395,6.0,9.2,524,8658,687,3,3,25250,"Moreland (C)",23.8,445,62.4,7543,3,5.9
5206,2172,804,"vic",3079,3483,5.8,4.7,425,7287,244,3,3,22310,"Glen Eira (C)",26.1,305,62.4,5261,3,5.8
552,220,58,"vic",315,356,6.9,22.3,56,811,123,1,3,22410,"Glenelg (S)",18.5,35,61.9,558,3,6.3
731,315,106,"vic",412,466,6.2,38.6,69,1114,283,1,3,22490,"Golden Plains (S)",25.7,48,67.6,740,3,6.5
4622,1796,531,"vic",2572,2909,6.5,17.5,409,6265,808,3,3,25340,"Mornington Peninsula (S)",20.6,259,61.7,4670,3,5.5
452,185,62,"vic",276,313,6.6,25.2,48,728,114,1,3,25430,"Mount Alexander (S)",22.4,27,59.1,461,3,5.8
536,211,68,"vic",291,330,6.4,16.2,53,819,87,1,3,25490,"Moyne (S)",23.5,35,64.1,541,3,6.4
430,167,59,"vic",238,270,6.6,16.4,40,608,71,1,3,25620,"Murrindindi (S)",24.9,24,62.1,433,3,5.6
1788,734,219,"vic",994,1124,5.9,3.8,144,2439,68,3,3,25710,"Nillumbik (S)",22.0,103,65.3,1817,3,5.7
347,106,40,"vic",162,183,7.2,34.5,31,437,119,1,1,25810,"Northern Grampians (S)",24.6,21,58.0,348,3,6.2
4034,1303,629,"vic",1997,2259,6.0,7.0,253,4244,281,3,3,25900,"Port Phillip (C)",31.5,231,57.7,4081,3,5.7
198,61,32,"vic",105,118,7.2,34.3,20,279,68,1,1,25990,"Pyrenees (S)",30.9,11,51.3,199,3,5.4
98,53,15,"vic",70,79,6.2,36.9,11,183,36,2,1,26080,"Queenscliffe (B)",21.7,5,66.6,99,1,4.9
922,322,97,"vic",488,552,6.9,18.1,89,1289,166,1,3,26170,"South Gippsland (S)",19.9,58,58.3,932,3,6.3
537,189,69,"vic",263,298,6.3,20.1,44,700,108,1,3,26260,"Southern Grampians (S)",26.1,22,63.5,541,3,4.0
3126,1187,531,"vic",1746,1974,5.9,5.7,228,3855,179,3,3,26350,"Stonnington (C)",30.4,184,60.1,3166,3,5.8
251,101,28,"vic",137,154,6.9,22.2,25,356,56,1,3,26430,"Strathbogie (S)",20.7,13,65.3,251,1,5.0
1039,452,95,"vic",604,683,6.2,40.0,106,1709,416,3,3,26490,"Surf Coast (S)",15.7,59,66.1,1054,3,5.6
919,277,83,"vic",436,493,7.0,22.2,80,1140,204,3,3,26610,"Swan Hill (RC)",19.0,56,56.2,928,3,6.0
152,55,17,"vic",75,85,6.4,12.2,13,204,19,1,1,26670,"Towong (S)",22.5,11,64.4,154,1,7.0
890,361,107,"vic",475,537,6.9,17.0,89,1289,151,3,3,26700,"Wangaratta (RC)",22.5,67,67.3,902,3,7.4
1196,471,142,"vic",632,715,6.9,20.2,116,1674,242,1,3,26730,"Warrnambool (C)",22.5,74,65.8,1211,3,6.1
1469,502,178,"vic",748,846,6.9,21.4,139,2006,315,3,3,26810,"Wellington (S)",23.8,100,59.3,1480,3,6.8
102,37,23,"vic",55,62,6.6,22.2,10,151,23,2,1,26890,"West Wimmera (S)",41.2,6,59.3,103,1,5.8
5607,2379,698,"vic",3079,3482,6.0,4.4,439,7267,249,3,3,26980,"Whitehorse (C)",22.7,315,68.3,5665,3,5.6
9061,4314,1189,"vic",5657,6398,6.4,9.6,817,12865,874,3,3,27070,"Whittlesea (C)",21.0,643,67.4,9186,3,7.0
1628,613,129,"vic",880,996,7.3,18.2,173,2360,296,1,3,27170,"Wodonga (RC)",14.7,118,61.6,1635,3,7.2
12003,5251,1616,"vic",7086,8013,6.5,9.6,1057,16170,1150,3,3,27260,"Wyndham (C)",22.8,794,65.5,12121,3,6.6
3396,1189,406,"vic",1714,1939,6.5,7.7,233,3588,260,3,3,27350,"Yarra (C)",23.7,184,61.3,3428,3,5.4
5399,2294,664,"vic",3052,3451,6.3,13.7,458,7249,742,3,3,27450,"Yarra Ranges (S)",21.7,290,66.5,5451,3,5.3
170,61,38,"vic",92,104,6.6,22.2,17,252,38,1,1,27630,"Yarriambiack (S)",41.1,10,59.3,171,1,5.8
null,null,null,"vic",null,null,null,null,null,null,null,null,null,29399,"Unincorporated Vic",null,null,null,null,null,null
71,null,null,"qld",null,null,null,40.7,null,null,29,null,null,30250,"Aurukun (S)",null,6,null,71,null,8.9
220,96,29,"qld",117,133,12.2,25.5,37,305,56,2,1,30300,"Balonne (S)",24.4,17,72.5,221,1,7.7
736,327,78,"qld",399,451,11.0,13.6,116,1052,100,1,3,30370,"Banana (S)",19.5,32,72.5,746,3,4.3
144,null,null,"qld",null,null,null,18.6,null,null,27,null,null,30410,"Barcaldine (R)",null,10,null,146,null,6.9
null,null,null,"qld",null,null,null,null,null,null,null,null,null,30450,"Barcoo (S)",null,null,null,null,null,null
99,null,null,"qld",null,null,null,18.6,null,null,18,null,null,30760,"Blackall Tambo (R)",null,7,null,100,null,6.9
1386,621,200,"qld",829,938,12.8,22.3,242,1890,309,3,3,34580,"Lockyer Valley (R)",24.1,95,66.2,1390,3,6.8
14335,6481,2321,"qld",8580,9703,12.7,18.5,2198,17282,2650,3,3,34590,"Logan (C)",27.1,989,66.8,14455,3,6.8
188,null,null,"qld",null,null,null,18.6,null,null,35,null,null,34710,"Longreach (R)",null,13,null,190,null,6.9
5317,2222,719,"qld",2792,3158,11.7,14.7,850,7283,779,3,3,34770,"Mackay (R)",25.8,287,70.4,5347,3,5.4
73,null,null,"qld",null,null,null,30.9,null,null,22,null,null,34800,"McKinlay (S)",null,6,null,73,null,8.3
743,174,61,"sa",262,296,10.3,12.4,73,713,92,3,3,40310,"Barossa (DC)",23.5,37,59.0,748,3,5.0
91,19,7,"sa",30,33,11.1,17.9,9,80,16,2,1,40430,"Barunga West (DC)",23.6,6,55.8,92,1,6.6
315,62,34,"sa",107,121,12.1,24.7,36,297,78,1,3,40520,"Berri and Barmera (DC)",31.6,22,51.0,321,3,6.8
548,251,80,"wa",283,320,5.8,8.6,51,875,47,1,3,50280,"Augusta-Margaret River (S)",28.3,27,78.4,555,3,4.9
653,355,82,"wa",401,453,6.3,10.3,62,983,67,1,3,50350,"Bassendean (T)",20.5,46,78.3,657,3,7.0
2817,1427,410,"wa",1655,1872,5.8,5.5,231,3963,156,3,3,50420,"Bayswater (C)",24.8,196,76.2,2831,3,6.9
1854,975,315,"wa",1117,1263,6.0,8.3,155,2574,153,1,3,50490,"Belmont (C)",28.2,141,77.2,1867,3,7.6
43,23,6,"wa",30,34,6.7,16.1,6,84,7,2,2,50560,"Beverley (S)",21.4,null,69.2,null,2,null
74,38,17,"wa",44,49,5.9,11.2,8,128,8,2,1,50630,"Boddington (S)",38.2,null,75.9,null,1,null
44,21,6,"wa",25,28,5.8,11.0,5,80,5,2,2,50770,"Boyup Brook (S)",22.4,null,74.2,null,1,null
119,56,15,"wa",67,76,5.8,11.0,13,218,13,1,1,50840,"Bridgetown-Greenbushes (S)",22.4,null,74.2,null,1,null
33,null,null,"wa",null,null,null,24.4,null,null,8,null,null,50910,"Brookton (S)",null,null,null,null,null,null
524,244,115,"wa",320,362,6.7,9.4,64,952,49,1,3,50980,"Broome (S)",35.9,28,67.4,530,3,5.3
43,24,8,"wa",27,30,6.0,13.8,5,79,6,2,1,51080,"Broomehill-Tambellup (S)",29.8,null,78.4,null,1,null
35,null,null,"wa",null,null,null,17.2,null,null,6,null,null,51120,"Bruce Rock (S)",null,null,null,null,null,null
1345,476,172,"wa",647,731,6.4,16.2,118,1837,218,3,3,51190,"Bunbury (C)",26.5,88,65.1,1356,3,6.5
1228,545,165,"wa",635,718,6.1,11.0,120,1984,135,3,3,51260,"Busselton (S)",26.0,57,75.8,1236,3,4.6
897,385,172,"wa",467,528,5.4,2.2,69,1296,20,1,3,51310,"Cambridge (T)",36.9,56,72.9,904,3,6.2
3350,1777,528,"wa",1963,2220,5.8,5.0,277,4813,167,3,3,51330,"Canning (C)",26.9,224,80.1,3379,3,6.6
652,306,111,"wa",337,381,5.9,12.2,64,1087,80,3,3,51400,"Capel (S)",32.9,48,80.4,651,3,7.3
null,null,null,"wa",null,null,null,null,null,null,null,null,null,51470,"Carnamah (S)",null,null,null,null,null,null
21,null,null,"qld",null,null,null,23.3,null,null,5,null,null,30900,"Boulia (S)",null,null,null,null,null,null
44910,22957,6287,"qld",26525,29999,11.0,5.5,5785,52370,2461,3,3,31000,"Brisbane (C)",23.7,2799,76.5,45428,3,6.2
36,null,null,"qld",null,null,null,40.8,null,null,15,null,null,36070,"Pormpuraaw (S)",null,null,null,null,null,null
42,null,null,"qld",null,null,null,23.3,null,null,10,null,null,36150,"Quilpie (S)",null,null,null,null,null,null
4888,2519,652,"qld",2933,3317,11.6,13.7,707,6072,669,3,3,36250,"Redland (C)",22.2,327,75.9,4932,3,6.6
57,null,null,"qld",null,null,null,30.9,null,null,18,null,null,36300,"Richmond (S)",null,5,null,57,null,8.3
5132,2079,543,"qld",2712,3067,12.6,20.1,880,6992,1030,3,3,36360,"Rockhampton (R)",20.0,348,67.8,5184,3,6.7
1179,581,169,"qld",743,841,12.2,18.9,204,1664,223,3,3,36510,"Scenic Rim (R)",22.8,80,69.1,1191,3,6.7
914,415,148,"qld",550,621,12.6,24.2,141,1123,221,3,3,36580,"Somerset (R)",26.9,74,66.8,920,3,8.0
null,null,null,"qld",null,null,null,null,null,null,null,null,null,31750,"Bulloo (S)",null,null,null,null,null,null
3191,1246,377,"qld",1667,1885,13.2,22.4,572,4326,716,3,3,31820,"Bundaberg (R)",22.6,239,66.1,3220,3,7.4
635,286,84,"qld",350,396,12.8,18.8,115,901,119,1,3,31900,"Burdekin (S)",24.1,49,72.3,642,3,7.7
35,null,null,"qld",null,null,null,30.9,null,null,11,null,null,31950,"Burke (S)",null,null,null,null,null,null
7525,3207,798,"qld",3991,4514,13.2,19.1,1337,10143,1434,3,3,32070,"Cairns (R)",20.0,535,71.0,7570,3,7.1
142,null,null,"qld",null,null,null,30.9,null,null,44,null,null,32250,"Carpentaria (S)",null,12,null,142,null,8.3
1069,419,122,"qld",562,636,13.1,24.6,190,1444,263,3,3,32260,"Cassowary Coast (R)",21.7,81,65.9,1069,3,7.6
1666,733,296,"qld",929,1050,11.0,16.0,256,2328,266,3,3,32270,"Central Highlands (R)",31.9,100,69.8,1680,3,5.9
432,187,54,"qld",234,265,12.7,19.5,78,614,84,1,1,32310,"Charters Towers (R)",23.1,39,70.7,437,3,9.0
1316,499,129,"qld",687,777,13.0,33.4,228,1749,439,3,3,36630,"South Burnett (R)",18.8,96,64.2,1326,3,7.2
1311,504,117,"qld",662,749,13.2,20.9,232,1757,274,3,3,36660,"Southern Downs (R)",17.7,91,67.4,1323,3,6.9
10192,4911,1421,"qld",5837,6602,11.9,11.2,1791,15072,1145,3,3,36710,"Sunshine Coast (R)",24.3,588,74.4,10322,3,5.7
1784,586,151,"qld",816,923,13.4,28.3,279,2089,505,3,3,36810,"Tablelands (R)",18.5,137,63.5,1796,3,7.6
6504,2826,762,"qld",3489,3946,12.3,15.3,1120,9112,996,3,3,36910,"Toowoomba (R)",21.8,455,71.6,6555,3,6.9
179,null,null,"qld",null,null,null,40.7,null,null,73,null,null,36950,"Torres (S)",null,16,null,179,null,8.9
233,null,null,"qld",null,null,null,40.7,null,null,95,null,null,36960,"Torres Strait Island (R)",null,21,null,234,null,8.9
8610,3664,778,"qld",4593,5194,12.2,12.0,1421,11649,1035,3,3,37010,"Townsville (C)",16.9,578,70.5,8672,3,6.7
3710,1620,599,"sa",2435,2754,10.6,9.7,579,5453,362,3,3,41060,"Charles Sturt (C)",24.6,251,58.8,3746,3,6.7
299,71,24,"sa",97,110,10.5,12.0,30,289,37,1,3,41140,"Clare and Gilbert Valleys (DC)",24.8,9,64.0,302,3,3.0
161,77,38,"wa",97,109,6.5,10.6,21,324,17,1,3,51540,"Carnarvon (S)",39.3,8,70.5,162,3,4.7
50,18,null,"qld",null,28,13.9,40.1,9,64,20,2,2,32330,"Cherbourg (S)",null,null,62.2,null,null,null
222,null,null,"qld",null,null,null,30.9,null,null,69,null,null,32450,"Cloncurry (S)",null,19,null,222,null,8.3
228,null,null,"qld",null,null,null,40.7,null,null,93,null,null,32500,"Cook (S)",null,20,null,229,null,8.9
16,null,null,"qld",null,null,null,40.7,null,null,7,null,null,32600,"Croydon (S)",null,null,null,null,null,null
184,null,null,"qld",null,null,null,40.7,null,null,75,null,null,37300,"Weipa (T)",null,16,null,184,null,8.9
1513,654,191,"qld",824,931,11.6,20.0,246,2124,302,3,3,37310,"Western Downs (R)",23.1,96,70.2,1520,3,6.3
1329,519,175,"qld",685,774,12.0,17.1,213,1777,227,3,3,37340,"Whitsunday (R)",25.6,86,67.0,1336,3,6.4
null,null,null,"qld",null,null,null,null,null,null,null,null,null,32750,"Diamantina (S)",null,null,null,null,null,null
1079,481,161,"sa",706,799,9.5,6.3,163,1707,68,3,3,40120,"Adelaide Hills (DC)",22.7,65,60.3,1089,3,5.9
611,142,63,"sa",223,252,10.2,14.2,61,597,86,3,3,40220,"Alexandrina (DC)",28.3,40,56.2,622,3,6.5
405,85,37,"sa",136,154,12.0,23.2,46,383,94,3,3,41560,"Copper Coast (DC)",27.2,22,55.2,407,3,5.4
null,null,null,"sa",null,null,null,null,null,null,null,null,null,41750,"Elliston (DC)",null,null,null,null,null,null
41,18,null,"wa",null,24,null,10.9,null,null,5,null,2,51610,"Chapman Valley (S)",null,null,75.0,null,null,null
88,null,null,"qld",null,null,null,30.9,null,null,27,null,null,32770,"Doomadgee (S)",null,7,null,88,null,8.3
49,null,null,"qld",null,null,null,40.7,null,null,20,null,null,33100,"Etheridge (S)",null,null,null,null,null,null
123,null,null,"qld",null,null,null,30.9,null,null,38,null,null,33200,"Flinders (S)",null,10,null,123,null,8.3
3206,1315,348,"qld",1710,1934,13.5,24.5,623,4618,785,3,3,33220,"Fraser Coast (R)",20.3,234,68.0,3232,3,7.2
2920,1369,412,"qld",1772,2005,11.5,16.1,509,4409,471,3,3,33360,"Gladstone (R)",23.2,158,68.3,2937,3,5.4
18184,9543,2929,"qld",11312,12794,11.8,10.7,3357,28417,1946,3,3,33430,"Gold Coast (C)",25.9,1154,74.6,18394,3,6.3
495,216,64,"qld",264,299,12.2,25.5,84,688,126,1,1,33610,"Goondiwindi (R)",24.4,38,72.5,497,3,7.7
1625,751,171,"qld",925,1046,13.2,24.4,329,2488,396,3,3,33620,"Gympie (R)",18.5,89,71.8,1629,3,5.5
412,178,51,"qld",222,252,12.7,19.5,74,584,80,1,1,33800,"Hinchinbrook (S)",23.1,37,70.7,416,3,9.0
54,null,null,"qld",null,null,null,40.7,null,null,22,null,null,33830,"Hope Vale (S)",null,5,null,54,null,8.9
9652,4335,1406,"qld",5874,6643,12.9,20.0,1519,11812,1929,3,3,33960,"Ipswich (C)",23.9,610,65.3,9711,3,6.3
1226,584,268,"qld",687,777,10.5,10.6,191,1821,130,1,3,33980,"Isaac (R)",39.0,64,75.2,1238,3,5.2
57,null,null,"qld",null,null,null,40.7,null,null,23,null,null,34420,"Kowanyama (S)",null,5,null,58,null,8.9
26,null,null,"qld",null,null,null,40.7,null,null,11,null,null,34570,"Lockhart River (S)",null,null,null,null,null,null
15,null,null,"qld",null,null,null,40.7,null,null,6,null,null,34830,"Mapoon (S)",null,null,null,null,null,null
667,306,106,"qld",376,425,10.9,18.2,101,928,121,1,1,34860,"Maranoa (R)",28.3,38,71.9,673,3,5.7
16638,8115,2309,"qld",10282,11629,12.3,16.4,2600,21174,2734,3,3,35010,"Moreton Bay (R)",22.5,1100,69.8,16811,3,6.5
79,null,null,"qld",null,null,null,30.9,null,null,24,null,null,35250,"Mornington (S)",null,7,null,79,null,8.3
1149,467,156,"qld",624,706,11.7,20.2,179,1534,232,1,3,35300,"Mount Isa (C)",25.0,88,66.2,1159,3,7.6
198,null,null,"qld",null,null,null,23.3,null,null,46,null,null,35600,"Murweh (S)",null,11,null,199,null,5.4
48,null,null,"qld",null,null,null,40.7,null,null,19,null,null,35670,"Napranum (S)",null,null,null,null,null,null
305,125,41,"qld",167,189,12.6,21.6,57,455,66,1,1,35760,"North Burnett (R)",24.4,27,66.4,310,3,8.8
126,null,null,"qld",null,null,null,40.7,null,null,52,null,null,35780,"Northern Peninsula Area (R)",null,11,null,127,null,8.9
84,36,10,"qld",45,51,12.7,19.5,15,118,16,2,2,35790,"Palm Island (S)",23.1,8,70.7,84,2,9.0
80,null,null,"qld",null,null,null,23.3,null,null,19,null,null,35800,"Paroo (S)",null,null,null,null,null,null
57,null,null,"qld",null,null,null,23.3,null,null,13,null,null,37400,"Winton (S)",null,null,null,null,null,null
46,null,null,"qld",null,null,null,19.6,null,null,9,null,null,37550,"Woorabinda (S)",null,null,null,null,null,null
null,null,null,"sa",null,null,null,null,null,null,null,null,null,40250,"Anangu Pitjantjatjara (AC)",null,null,null,null,null,null
15,null,null,"qld",null,null,null,40.7,null,null,6,null,null,37570,"Wujal Wujal (S)",null,null,null,null,null,null
112,34,12,"qld",54,61,14.8,35.8,20,136,40,2,2,37600,"Yarrabah (S)",22.9,12,55.3,112,1,10.4
459,127,67,"sa",208,236,10.4,3.7,49,473,17,3,3,40070,"Adelaide (C)",32.2,25,53.9,458,3,5.5
868,442,200,"sa",641,725,9.5,4.0,140,1480,35,3,3,40700,"Burnside (C)",31.2,64,61.0,880,3,7.3
1658,688,290,"sa",984,1113,9.9,6.1,224,2267,101,3,3,40910,"Campbelltown (C)",29.5,100,61.8,1666,3,6.0
96,null,null,"sa",null,null,null,12.6,null,null,12,null,null,41010,"Ceduna (DC)",null,8,null,97,null,8.2
74,18,6,"sa",26,30,9.2,8.3,6,63,6,2,1,41190,"Cleve (DC)",21.9,null,59.6,null,1,null
40,null,null,"sa",null,null,null,25.0,null,null,10,null,null,41330,"Coober Pedy (DC)",null,null,null,null,null,null
37,12,5,"sa",22,24,12.0,16.3,7,59,6,2,2,41830,"Flinders Ranges (DC)",22.2,null,47.6,null,2,null
null,13,null,"sa",null,22,null,null,null,null,null,null,1,41960,"Franklin Harbour (DC)",null,null,59.6,null,null,null
994,204,59,"sa",326,369,11.7,16.7,100,859,166,1,3,44620,"Mount Gambier (C)",18.1,69,55.2,995,3,6.9
65,14,8,"sa",19,21,12.3,20.3,7,61,13,2,1,44830,"Mount Remarkable (DC)",42.4,null,65.0,null,1,null
760,274,93,"sa",486,550,11.5,19.0,130,1129,144,3,3,42030,"Gawler (T)",19.1,41,49.8,765,3,5.4
113,24,11,"sa",38,43,11.0,28.9,12,108,33,1,1,42110,"Goyder (DC)",28.5,12,54.9,116,1,10.3
256,61,22,"sa",96,108,10.5,13.0,27,255,33,1,1,42250,"Grant (DC)",22.7,12,56.3,255,1,4.6
657,136,27,"sa",241,273,12.1,23.9,79,655,157,1,3,45040,"Murray Bridge (RC)",11.2,35,49.8,664,1,5.3
979,306,95,"sa",521,590,10.2,7.8,123,1202,76,1,3,42600,"Holdfast Bay (C)",18.2,65,51.9,991,3,6.6
143,35,5,"sa",48,54,9.7,18.2,13,134,26,1,3,42750,"Kangaroo Island (DC)",10.4,11,64.6,146,2,7.5
null,8,null,"sa",null,13,null,null,null,null,null,null,2,43080,"Karoonda East Murray (DC)",null,null,59.8,null,null,null
255,48,19,"sa",69,78,10.0,18.0,19,186,46,1,1,47630,"Tatiara (DC)",27.0,14,61.7,257,1,5.4
null,11,null,"sa",null,18,null,null,null,null,null,null,1,43220,"Kimba (DC)",null,null,59.6,null,null,null
69,17,6,"sa",24,27,10.0,16.2,6,65,11,2,1,43360,"Kingston (DC)",27.0,null,61.7,null,1,null
479,140,54,"sa",227,257,10.2,11.8,60,584,57,1,3,43650,"Light (RegC)",23.7,32,54.7,487,3,6.7
162,null,null,"sa",null,null,null,13.5,null,null,22,null,null,43710,"Lower Eyre Peninsula (DC)",null,8,null,164,null,5.1
392,77,37,"sa",122,138,12.0,18.2,36,300,71,1,3,43790,"Loxton Waikerie (DC)",30.6,32,56.0,395,3,8.1
289,86,42,"sa",141,160,10.3,18.3,38,363,53,1,3,43920,"Mallala (DC)",29.6,15,54.0,291,3,5.2
3289,1464,500,"sa",2052,2321,10.5,8.2,476,4515,269,3,3,44060,"Marion (C)",24.4,214,63.1,3311,3,6.5
206,46,21,"sa",75,84,10.4,17.6,20,196,36,1,3,44210,"Mid Murray (DC)",28.1,12,54.8,206,1,5.8
1981,883,265,"sa",1240,1402,9.6,3.9,282,2955,77,3,3,44340,"Mitcham (C)",21.4,114,63.0,1996,3,5.7
1189,501,154,"sa",789,892,9.9,12.8,183,1841,152,3,3,44550,"Mount Barker (DC)",19.5,59,56.1,1200,3,4.9
3389,1462,581,"sa",2124,2402,10.6,10.0,518,4877,340,3,3,47700,"Tea Tree Gully (C)",27.3,221,60.9,3444,3,6.4
300,71,27,"sa",97,109,10.3,18.7,25,243,56,1,3,45090,"Naracoorte and Lucindale (DC)",28.0,25,65.0,304,3,8.2
157,32,18,"sa",50,57,10.0,15.7,13,133,25,1,1,45120,"Northern Areas (DC)",35.5,9,55.7,158,1,5.6
1123,436,169,"sa",707,800,9.9,3.6,159,1612,40,3,3,45290,"Norwood Payneham St Peters (C)",23.9,61,54.5,1124,3,5.4
6124,2415,1038,"sa",3860,4365,11.2,14.7,1001,8913,902,3,3,45340,"Onkaparinga (C)",26.9,412,55.3,6168,3,6.7
null,null,null,"sa",null,null,null,null,null,null,null,null,null,45400,"Orroroo/Carrieton (DC)",null,null,null,null,null,null
167,42,19,"sa",62,70,9.8,24.6,16,164,41,1,3,47800,"The Coorong (DC)",31.3,9,60.0,171,1,5.3
80,null,null,"sa",null,null,null,12.2,null,null,10,null,null,47910,"Tumby Bay (DC)",null,null,null,null,null,null
39,8,5,"sa",11,13,null,20.3,null,null,8,null,1,45540,"Peterborough (DC)",42.5,null,65.2,null,1,null
4510,1368,507,"sa",2824,3194,13.7,24.1,886,6445,1089,3,3,45680,"Playford (C)",18.0,344,42.8,4546,3,7.6
4899,2037,694,"sa",3058,3459,11.1,9.5,753,6809,467,3,3,45890,"Port Adelaide Enfield (C)",22.7,357,58.9,4949,3,7.2
449,96,40,"sa",178,201,12.0,21.9,58,484,98,1,1,46090,"Port Augusta (C)",22.2,34,47.6,453,3,7.4
559,112,49,"sa",201,227,11.1,17.1,58,525,95,1,3,46300,"Port Lincoln (C)",24.5,31,49.4,566,3,5.4
590,116,57,"sa",189,214,11.8,27.2,59,499,160,1,3,46450,"Port Pirie City and Dists (M)",30.2,34,54.4,590,3,5.8
667,307,101,"sa",433,489,9.9,3.1,95,960,21,1,3,46510,"Prospect (C)",23.3,46,62.8,678,3,6.8
303,67,36,"sa",114,129,12.1,24.1,34,284,73,1,3,46670,"Renmark Paringa (DC)",31.2,16,52.2,303,3,5.3
42,10,null,"sa",null,17,null,16.2,null,null,7,null,2,46860,"Robe (DC)",null,null,61.7,null,null,null
248,70,16,"sa",100,113,8.9,9.2,21,236,23,1,3,46970,"Roxby Downs (M)",16.0,10,61.9,250,1,4.0
5887,2261,993,"sa",3698,4182,11.9,15.5,983,8280,910,3,3,47140,"Salisbury (C)",26.9,441,54.1,5949,3,7.4
63,16,7,"sa",23,26,9.8,13.1,6,62,8,2,1,47290,"Southern Mallee (DC)",31.3,null,60.0,null,1,null
49,null,null,"sa",null,null,null,10.9,null,null,5,null,null,47490,"Streaky Bay (DC)",null,null,null,null,null,null
1212,487,141,"sa",728,824,9.4,4.0,162,1721,48,3,3,47980,"Unley (C)",19.4,93,59.1,1231,3,7.6
309,65,21,"sa",107,121,10.7,13.5,33,304,42,1,1,48050,"Victor Harbor (C)",19.8,20,53.6,312,1,6.4
247,51,19,"sa",80,91,11.1,17.9,24,216,44,1,1,48130,"Wakefield (DC)",23.4,17,55.8,250,3,6.7
58,null,null,"sa",null,null,null,8.6,null,null,5,null,null,48640,"Wudinna (DC)",null,5,null,58,null,8.4
null,108,35,"sa",152,172,9.9,null,33,337,null,2,1,48260,"Walkerville (M)",23.3,10,62.8,169,3,5.9
377,86,32,"sa",128,145,10.8,21.8,33,308,82,1,3,48340,"Wattle Range (DC)",25.1,30,59.5,381,3,7.9
2033,867,263,"sa",1276,1443,10.0,5.8,290,2899,117,3,3,48410,"West Torrens (C)",20.6,141,60.1,2051,3,6.9
832,150,82,"sa",305,345,12.4,26.5,95,768,220,1,1,48540,"Whyalla (C)",27.0,69,43.5,843,3,8.2
101,21,7,"sa",34,38,10.7,22.6,10,96,23,2,2,48750,"Yankalilla (DC)",19.8,null,53.7,null,2,null
250,63,33,"sa",94,106,11.3,13.2,29,256,33,1,3,48830,"Yorke Peninsula (DC)",35.1,7,59.2,248,3,2.8
76,null,null,"sa",null,null,null,14.3,null,null,11,null,null,49399,"Unincorporated SA",null,6,null,76,null,8.2
1123,496,128,"wa",584,660,6.3,12.5,115,1832,140,3,3,50080,"Albany (C)",21.9,70,75.1,1129,3,6.2
3702,1852,596,"wa",2454,2775,6.4,13.9,377,5912,514,3,3,50210,"Armadale (C)",24.3,241,66.7,3742,3,6.4
294,null,null,"wa",null,null,null,5.8,null,null,17,null,null,50250,"Ashburton (S)",null,10,null,299,null,3.3
132,65,22,"wa",81,91,5.9,12.1,14,244,16,1,1,51680,"Chittering (S)",27.6,5,71.0,134,3,3.7
235,133,55,"wa",150,170,5.4,3.1,21,388,7,2,1,51750,"Claremont (T)",36.7,20,78.3,242,3,8.3
4619,2618,711,"wa",2857,3231,5.8,7.5,412,7063,345,3,3,51820,"Cockburn (C)",24.9,315,81.0,4664,3,6.7
314,131,34,"wa",160,181,6.6,22.3,31,467,70,1,3,51890,"Collie (S)",21.3,24,72.6,313,3,7.7
147,null,null,"wa",null,null,null,20.6,null,null,30,null,null,51960,"Coolgardie (S)",null,7,null,148,null,5.0
31,13,null,"wa",null,17,null,17.3,null,null,5,null,2,52030,"Coorow (S)",null,null,74.0,null,null,null
null,111,48,"wa",126,142,5.5,null,18,321,null,2,1,52170,"Cottesloe (T)",38.2,13,78.3,213,3,6.3
41,22,8,"wa",25,29,null,13.8,null,null,6,null,1,52240,"Cranbrook (S)",29.8,null,78.4,null,1,null
31,null,null,"wa",null,null,null,15.2,null,null,5,null,null,52310,"Cuballing (S)",null,null,null,null,null,null
38,20,7,"wa",22,25,null,24.4,null,null,9,null,1,52100,"Corrigin (S)",31.7,null,80.7,null,1,null
null,null,null,"wa",null,null,null,null,null,null,null,null,null,52380,"Cue (S)",null,null,null,null,null,null
41,20,8,"wa",23,26,null,20.5,null,null,8,null,2,52450,"Cunderdin (S)",32.6,null,74.8,null,2,null
51,18,7,"wa",23,26,null,14.4,null,null,7,null,2,52520,"Dalwallinu (S)",29.9,5,70.3,51,1,10.2
110,47,16,"wa",58,66,5.9,14.8,10,175,16,2,1,52590,"Dandaragan (S)",27.6,6,71.0,110,1,5.9
560,233,69,"wa",306,346,5.9,12.8,54,930,71,1,3,52660,"Dardanup (S)",22.7,38,67.3,566,3,6.8
157,69,16,"wa",75,85,6.5,8.9,16,255,14,1,1,52730,"Denmark (S)",21.2,5,80.5,160,1,3.1
116,null,null,"wa",null,null,null,10.3,null,null,12,null,null,52800,"Derby-West Kimberley (S)",null,null,null,null,null,null
154,69,18,"wa",82,93,5.8,14.3,16,268,22,1,1,52870,"Donnybrook-Balingup (S)",22.4,7,74.2,155,1,4.5
null,137,47,"wa",154,174,5.6,null,21,370,null,2,1,53150,"East Fremantle (T)",30.4,12,79.0,218,3,5.5
211,null,null,"wa",null,null,null,10.8,null,null,23,null,null,53220,"East Pilbara (S)",null,14,null,214,null,6.7
542,182,28,"wa",247,279,5.9,18.1,45,758,98,1,3,53290,"Esperance (S)",11.3,32,65.2,544,1,5.9
82,null,null,"wa",null,null,null,6.7,null,null,5,null,null,53360,"Exmouth (S)",null,null,null,null,null,null
1048,521,156,"wa",598,676,5.9,5.8,86,1461,61,3,3,53430,"Fremantle (C)",26.0,56,77.1,1056,3,5.3
1405,637,175,"wa",798,903,6.5,14.0,158,2447,196,3,3,53520,"Geraldton-Greenough (C)",22.0,85,70.6,1425,3,5.9
161,69,24,"wa",85,97,5.9,14.8,15,258,24,1,1,53570,"Gingin (S)",27.6,10,71.0,162,3,5.9
55,26,9,"wa",30,34,6.0,19.7,5,88,11,2,1,53640,"Gnowangerup (S)",29.8,null,78.4,null,1,null
null,null,null,"wa",null,null,null,null,null,null,null,null,null,52940,"Dowerin (S)",null,null,null,null,null,null
2126,1105,254,"wa",1316,1488,5.9,9.7,197,3354,207,3,3,54200,"Kalamunda (S)",19.3,117,74.3,2135,3,5.5
null,null,null,"wa",null,null,null,null,null,null,null,null,null,53010,"Dumbleyung (S)",null,null,null,null,null,null
42,null,null,"wa",null,null,null,20.6,null,null,9,null,null,53080,"Dundas (S)",null,null,null,null,null,null
41,14,5,"wa",18,20,null,13.1,null,null,5,null,2,53710,"Goomalling (S)",29.9,null,70.3,null,2,null
5509,2740,811,"wa",3254,3680,6.3,10.8,516,8187,597,3,3,53780,"Gosnells (C)",24.9,368,74.5,5533,3,6.7
null,null,null,"wa",null,null,null,null,null,null,null,null,null,53920,"Halls Creek (S)",null,null,null,null,null,null
1021,421,126,"wa",527,597,6.1,14.2,101,1672,145,3,3,53990,"Harvey (S)",24.0,58,70.5,1028,3,5.6
82,43,14,"wa",51,58,6.1,13.4,10,166,11,2,1,54060,"Irwin (S)",27.7,7,74.0,83,1,8.4
45,22,7,"wa",25,28,null,19.7,null,null,9,null,1,54130,"Jerramungup (S)",29.8,null,78.4,null,1,null
5204,2815,771,"wa",3066,3468,5.6,5.0,458,8115,261,3,3,54170,"Joondalup (C)",25.1,330,81.2,5268,3,6.3
1671,null,null,"wa",null,null,null,13.8,null,null,230,null,null,54280,"Kalgoorlie/Boulder (C)",null,107,null,1687,null,6.4
25,null,null,"wa",null,null,null,17.9,null,null,5,null,null,55040,"Leonora (S)",null,null,null,null,null,null
2906,1250,427,"wa",1749,1978,6.6,15.0,299,4498,435,3,3,55110,"Mandurah (C)",24.4,182,63.2,2918,3,6.2
283,114,42,"wa",151,170,6.4,14.1,29,455,40,1,1,55180,"Manjimup (S)",28.0,17,67.1,281,3,6.0
null,null,null,"wa",null,null,null,null,null,null,null,null,null,55250,"Meekatharra (S)",null,null,null,null,null,null
2952,1613,571,"wa",1735,1962,5.6,3.5,255,4592,103,3,3,55320,"Melville (C)",32.9,165,82.2,2973,3,5.5
155,65,15,"wa",79,90,6.8,15.2,17,253,24,1,3,54340,"Katanning (S)",18.3,7,71.9,155,1,4.7
37,18,7,"wa",21,24,null,20.5,null,null,7,null,2,54410,"Kellerberrin (S)",32.6,null,74.8,null,2,null
null,null,null,"wa",null,null,null,null,null,null,null,null,null,54480,"Kent (S)",null,null,null,null,null,null
75,41,14,"wa",46,52,6.0,13.8,8,137,10,2,1,54550,"Kojonup (S)",29.8,5,78.4,77,1,6.7
41,18,8,"wa",21,23,null,11.1,null,null,5,null,2,54620,"Kondinin (S)",38.2,null,75.9,null,2,null
null,null,null,"wa",null,null,null,null,null,null,null,null,null,54690,"Koorda (S)",null,null,null,null,null,null
null,null,null,"wa",null,null,null,null,null,null,null,null,null,54760,"Kulin (S)",null,null,null,null,null,null
1801,810,249,"wa",1114,1260,6.4,16.5,178,2794,298,3,3,54830,"Kwinana (T)",22.4,140,64.3,1822,3,7.7
53,23,10,"wa",27,30,5.9,11.1,5,78,6,2,2,54900,"Lake Grace (S)",38.2,null,75.9,null,1,null
null,null,null,"wa",null,null,null,null,null,null,null,null,null,54970,"Laverton (S)",null,null,null,null,null,null
168,62,21,"wa",80,91,6.8,26.1,17,251,44,1,1,56520,"Narrogin (T)",26.7,21,68.9,169,1,12.2
523,271,95,"wa",307,347,5.2,1.3,43,831,7,1,3,56580,"Nedlands (C)",30.9,25,78.0,526,3,4.8
null,null,null,"wa",null,null,null,null,null,null,null,null,null,55390,"Menzies (S)",null,null,null,4,null,null
117,49,19,"wa",58,66,6.0,17.2,11,180,20,2,1,55460,"Merredin (S)",32.6,10,74.8,117,1,8.8
null,null,null,"wa",null,null,null,null,null,null,null,null,null,55530,"Mingenew (S)",null,null,null,null,null,null
null,null,null,"wa",null,null,null,null,null,null,null,null,null,56620,"Ngaanyatjarraku (S)",null,null,null,null,null,null
100,36,13,"wa",45,51,6.1,14.4,9,140,14,2,2,55600,"Moora (S)",29.9,10,70.3,100,1,10.2
26,null,null,"wa",null,null,null,17.3,null,null,5,null,null,55670,"Morawa (S)",null,null,null,null,null,null
null,22,10,"wa",25,29,null,null,null,null,null,null,2,56930,"Peppermint Grove (S)",38.2,null,78.3,null,2,null
null,126,54,"wa",142,161,5.5,null,20,363,null,2,1,55740,"Mosman Park (T)",38.2,17,78.3,237,3,7.2
null,null,null,"wa",null,null,null,null,null,null,null,null,null,55810,"Mount Magnet (S)",null,null,null,null,null,null
null,null,null,"wa",null,null,null,null,null,null,null,null,null,55880,"Mount Marshall (S)",null,null,null,null,null,null
41,22,8,"wa",24,28,null,24.4,null,null,10,null,1,57140,"Pingelly (S)",31.7,5,80.7,42,1,10.8
161,64,15,"wa",71,80,6.5,16.1,16,240,26,1,1,57210,"Plantagenet (S)",21.2,11,80.5,163,1,6.7
null,null,null,"wa",null,null,null,null,null,null,null,null,null,55950,"Mukinbudin (S)",null,null,null,null,null,null
null,null,null,"wa",null,null,null,null,null,null,null,null,null,56020,"Mullewa (S)",null,null,null,20,null,null
1112,556,177,"wa",667,754,6.1,9.7,110,1804,108,3,3,56090,"Mundaring (S)",26.5,74,73.8,1124,3,6.6
641,302,160,"wa",419,474,5.6,9.4,61,1097,60,3,3,57280,"Port Hedland (T)",38.2,30,63.7,644,3,4.6
32,16,6,"wa",18,21,null,20.5,null,null,7,null,2,57350,"Quairading (S)",32.6,null,74.8,null,2,null
65,null,null,"wa",null,null,null,17.2,null,null,11,null,null,57420,"Ravensthorpe (S)",null,6,null,66,null,9.2
5207,2682,600,"wa",3444,3895,6.1,12.1,540,8841,630,3,3,57490,"Rockingham (C)",17.4,296,68.9,5254,3,5.6
986,461,218,"wa",601,679,5.5,8.8,91,1661,87,3,3,57560,"Roebourne (S)",36.3,48,67.9,997,3,4.8
null,null,null,"wa",null,null,null,null,null,null,null,null,null,56160,"Murchison (S)",null,null,null,null,null,null
523,249,57,"wa",327,370,6.3,15.8,55,872,83,3,3,56230,"Murray (S)",17.6,35,67.2,524,3,6.7
null,16,6,"wa",21,23,null,null,null,null,null,null,2,56300,"Nannup (S)",28.0,null,67.1,null,1,null
837,262,98,"tas",427,483,10.3,20.5,131,1271,171,3,3,61610,"Devonport (C)",23.0,69,54.1,841,3,8.2
199,59,27,"tas",116,131,9.8,16.2,32,330,32,1,1,61810,"Dorset (M)",23.1,15,45.0,199,1,7.7
null,null,null,"tas",null,null,null,null,null,null,null,null,null,62010,"Flinders (M)",null,null,null,null,null,null
226,57,26,"tas",113,127,9.8,31.6,31,321,71,1,1,62210,"George Town (M)",23.0,18,45.0,224,1,8.0
76,31,11,"tas",42,47,9.2,17.4,11,121,13,1,3,62410,"Glamorgan/Spring Bay (M)",26.8,9,66.4,77,1,11.8
1736,615,346,"tas",1053,1191,10.3,14.4,272,2629,250,3,3,62610,"Glenorchy (C)",32.9,132,51.6,1745,3,7.6
1487,572,249,"tas",846,957,8.4,3.2,173,2060,48,3,3,62810,"Hobart (C)",29.4,86,59.8,1480,3,5.8
482,169,69,"tas",262,296,9.2,7.7,72,786,37,1,3,63010,"Huon Valley (M)",26.3,42,57.0,485,3,8.7
158,59,26,"tas",99,112,9.5,19.0,28,299,30,1,1,63210,"Kentish (M)",26.3,5,52.9,157,3,3.2
28,null,null,"tas",null,null,null,21.4,null,null,6,null,null,63410,"King Island (M)",null,null,null,null,null,null
1181,489,217,"tas",694,785,8.6,5.1,160,1861,60,3,3,63610,"Kingborough (M)",31.3,62,62.3,1179,3,5.3
29,null,null,"wa",null,null,null,17.2,null,null,5,null,null,56370,"Narembeen (S)",null,null,null,null,null,null
33,null,null,"wa",null,null,null,21.9,null,null,7,null,null,56450,"Narrogin (S)",null,null,null,null,null,null
286,93,37,"tas",150,169,9.5,14.6,43,456,42,1,3,63810,"Latrobe (M)",24.5,23,54.7,287,3,8.0
2417,725,317,"tas",1164,1316,9.9,15.4,334,3376,373,3,3,64010,"Launceston (C)",27.3,170,55.1,2428,3,7.0
432,176,68,"tas",280,316,9.1,11.2,75,825,48,3,3,64210,"Meander Valley (M)",24.2,31,55.7,438,3,7.0
401,132,70,"tas",207,234,9.1,14.8,53,586,59,3,3,64610,"Northern Midlands (M)",33.6,22,56.2,403,3,5.5
482,179,99,"tas",298,337,9.8,12.3,74,752,59,1,3,64810,"Sorell (M)",33.1,34,53.0,485,3,7.0
189,51,31,"tas",91,102,9.1,21.1,26,280,40,1,1,65010,"Southern Midlands (M)",34.8,13,49.5,188,3,6.9
54,14,null,"tas",null,26,8.6,9.3,6,70,5,1,1,65210,"Tasman (M)",null,null,54.6,null,null,null
386,141,75,"tas",227,257,9.8,18.9,69,700,73,1,3,65410,"Waratah/Wynyard (M)",33.0,29,54.7,389,3,7.5
154,44,25,"tas",75,85,8.8,21.4,19,217,33,1,1,65610,"West Coast (M)",33.4,12,52.0,154,3,7.8
637,257,131,"tas",367,415,8.7,10.5,92,1063,67,3,3,65810,"West Tamar (M)",35.8,37,62.0,635,3,5.9
428,157,43,"wa",200,226,6.7,18.5,38,569,79,1,1,56730,"Northam (S)",21.4,23,69.2,429,3,5.4
89,38,13,"wa",46,52,6.1,13.1,9,148,12,2,1,56790,"Northampton (S)",27.7,null,74.0,null,1,null
null,null,null,"wa",null,null,null,null,null,null,null,null,null,56860,"Nungarin (S)",null,null,null,7,null,null
27,null,null,"wa",null,null,null,17.3,null,null,5,null,null,57000,"Perenjori (S)",null,null,null,null,null,null
602,298,106,"wa",340,385,5.4,2.8,40,728,17,1,3,57080,"Perth (C)",31.2,42,77.5,605,3,7.0
null,null,null,"wa",null,null,null,null,null,null,null,null,null,57630,"Sandstone (S)",null,null,null,null,null,null
909,519,123,"wa",666,753,6.3,8.4,108,1712,77,1,3,57700,"Serpentine-Jarrahdale (S)",18.4,44,69.0,907,3,4.8
null,null,null,"wa",null,null,null,null,null,null,null,null,null,57770,"Shark Bay (S)",null,null,null,null,null,null
1380,740,288,"wa",828,936,5.9,3.7,123,2076,51,3,3,57840,"South Perth (C)",34.9,101,79.0,1392,3,7.2
9290,4537,1570,"wa",5290,5983,5.8,4.9,748,12873,451,3,3,57910,"Stirling (C)",29.7,646,75.8,9363,3,6.9
638,317,130,"wa",387,438,5.4,0.8,53,979,5,1,1,57980,"Subiaco (C)",33.6,32,72.5,640,3,5.1
5233,2714,866,"wa",3374,3816,6.3,10.4,534,8487,545,3,3,58050,"Swan (C)",25.7,365,71.1,5277,3,6.9
null,null,null,"wa",null,null,null,null,null,null,null,null,null,58190,"Tammin (S)",null,null,null,null,null,null
null,null,null,"wa",null,null,null,null,null,null,null,null,null,58260,"Three Springs (S)",null,null,null,null,null,null
1303,744,496,"nt",735,831,13.9,19.5,257,1850,254,1,3,70200,"Alice Springs (T)",67.5,93,89.5,1304,3,7.1
100,63,24,"wa",80,90,6.1,12.0,15,248,12,1,1,58330,"Toodyay (S)",29.9,5,70.3,101,1,5.0
2128,1132,395,"nt",1247,1410,14.5,15.7,430,2958,335,1,3,72800,"Palmerston (C)",31.7,120,80.3,2146,3,5.6
386,null,null,"nt",null,null,null,54.3,null,null,209,null,null,73600,"Roper Gulf (S)",null,61,null,385,null,15.9
129,null,null,"nt",null,null,null,55.0,null,null,71,null,null,74050,"Tiwi Islands (S)",null,25,null,129,null,19.4
339,null,null,"nt",null,null,null,59.2,null,null,201,null,null,74500,"Victoria-Daly (S)",null,44,null,340,null,13.0
null,null,null,"wa",null,null,null,null,null,null,null,null,null,58400,"Trayning (S)",null,null,null,null,null,null
null,null,null,"wa",null,null,null,null,null,null,null,null,null,58470,"Upper Gascoyne (S)",null,null,null,9,null,null
1650,845,225,"wa",946,1069,5.6,2.8,121,2147,45,1,3,58510,"Victoria Park (T)",23.8,122,79.0,1664,3,7.3
36,null,null,"wa",null,null,null,14.4,null,null,5,null,null,58540,"Victoria Plains (S)",null,null,null,null,null,null
13,null,null,"nt",null,null,null,34.4,null,null,5,null,null,74560,"Wagait (S)",null,null,null,null,null,null
390,null,null,"nt",null,null,null,51.4,null,null,201,null,null,74660,"West Arnhem (S)",null,56,null,391,null,14.3
1335,600,201,"wa",709,802,5.4,1.9,93,1731,26,3,3,58570,"Vincent (T)",28.3,83,74.8,1348,3,6.2
65,31,14,"wa",36,41,5.9,15.2,6,106,10,2,2,58610,"Wagin (S)",38.2,null,75.9,null,1,null
null,null,null,"wa",null,null,null,null,null,null,null,null,null,58680,"Wandering (S)",null,null,null,null,null,null
8384,4371,1222,"wa",5313,6009,5.9,7.2,807,13572,607,3,3,58760,"Wanneroo (C)",23.0,576,72.7,8465,3,6.8
132,45,12,"wa",61,68,6.3,7.6,13,201,10,1,1,58820,"Waroona (S)",19.3,13,66.4,131,1,9.9
31,null,null,"wa",null,null,null,15.2,null,null,5,null,null,58890,"West Arthur (S)",null,null,null,null,null,null
263,null,null,"nt",null,null,null,16.1,null,null,42,null,null,79399,"Unincorporated NT",null,16,null,264,null,6.0
15552,8287,2286,"act",9515,10761,2.3,5.8,462,20481,909,3,3,89399,"Unincorporated ACT",24.0,937,77.0,15684,3,6.0
null,null,null,"wa",null,null,null,null,null,null,null,null,null,59030,"Westonia (S)",null,null,null,null,null,null
null,null,null,"wa",null,null,null,null,null,null,null,null,null,59100,"Wickepin (S)",null,null,null,null,null,null
32,null,null,"wa",null,null,null,15.2,null,null,5,null,null,59170,"Williams (S)",null,null,null,null,null,null
null,null,null,"wa",null,null,null,null,null,null,null,null,null,59250,"Wiluna (S)",null,null,null,null,null,null
59,21,8,"wa",26,29,6.1,13.1,5,81,8,2,2,59310,"Wongan-Ballidu (S)",29.9,null,70.3,null,1,null
null,null,null,"wa",null,null,null,null,null,null,null,null,null,59320,"Woodanilling (S)",null,null,null,null,null,null
null,null,null,"wa",null,null,null,null,null,null,null,null,null,59330,"Wyalkatchem (S)",null,null,null,null,null,null
208,null,null,"wa",null,null,null,6.7,null,null,14,null,null,59340,"Wyndham-East Kimberley (S)",null,null,null,null,null,null
null,null,null,"wa",null,null,null,null,null,null,null,null,null,59350,"Yalgoo (S)",null,null,null,null,null,null
48,25,9,"wa",29,33,6.0,10.8,5,89,5,2,2,59360,"Yilgarn (S)",32.6,null,74.8,null,1,null
94,50,14,"wa",64,73,6.7,16.1,12,183,15,2,1,59370,"York (S)",21.4,5,69.2,94,1,5.1
139,54,24,"tas",105,119,9.8,14.4,29,299,20,1,1,60210,"Break O'Day (M)",23.0,12,45.0,140,1,8.6
733,236,124,"tas",466,527,11.6,25.7,132,1142,188,1,3,60410,"Brighton (M)",26.7,74,44.8,736,3,10.1
627,203,73,"tas",353,399,10.3,19.6,104,1012,123,3,3,60610,"Burnie (C)",20.6,53,50.9,630,3,8.5
585,251,100,"tas",360,407,9.8,14.1,102,1045,82,3,3,60810,"Central Coast (M)",27.8,39,61.6,588,3,6.6
63,19,12,"tas",34,38,9.1,18.0,10,105,11,2,2,61010,"Central Highlands (M)",34.8,null,49.5,null,1,null
235,92,44,"tas",139,157,8.4,17.9,34,405,42,1,3,61210,"Circular Head (M)",32.1,17,58.4,238,3,7.1
1889,768,340,"tas",1176,1330,9.3,11.0,280,3015,208,3,3,61410,"Clarence (C)",28.9,135,57.8,1885,3,7.2
354,99,59,"tas",204,231,10.1,23.4,55,542,83,1,3,61510,"Derwent Valley (M)",29.0,21,42.6,352,3,5.9
332,null,null,"nt",null,null,null,38.3,null,null,127,null,null,70420,"Barkly (S)",null,33,null,328,null,10.1
null,null,null,"nt",null,null,null,null,null,null,null,null,null,70540,"Belyuen (S)",null,null,null,null,null,null
637,null,null,"nt",null,null,null,28.9,null,null,184,null,null,70620,"Central Desert (S)",null,66,null,631,null,10.5
39,null,null,"nt",null,null,null,34.4,null,null,14,null,null,70700,"Coomalie (S)",null,null,null,null,null,null
3667,1744,1036,"nt",1930,2183,12.7,11.5,587,4609,423,3,3,71000,"Darwin (C)",53.7,238,79.9,3689,3,6.4
468,null,null,"nt",null,null,null,52.6,null,null,246,null,null,71300,"East Arnhem (S)",null,87,null,466,null,18.7
648,312,140,"nt",339,384,13.7,26.0,124,900,169,1,3,72200,"Katherine (T)",41.2,59,81.4,648,1,9.1
829,553,397,"nt",561,634,11.9,16.5,154,1294,137,1,3,72300,"Litchfield (M)",70.8,50,87.1,838,3,6.0
102,null,null,"nt",null,null,null,26.2,null,null,27,null,null,72330,"MacDonnell (S)",null,11,null,102,null,10.7
